City_ID,City,Country,Date,Lat,lng,Max Temp,Humidity,Cloudiness,Wind Speed
0,Tasiilaq,GL,2022-10-01 16:09:04,65.6145,-37.6368,39.36,99,100,4.07
1,Kijang,KR,2022-10-01 16:09:06,35.2442,129.2139,70.48,57,57,2.37
2,Kaitangata,NZ,2022-10-01 16:09:06,-46.2817,169.8464,36.21,93,11,3.78
3,Saint-Francois,FR,2022-10-01 16:09:07,46.4154,3.9054,67.44,73,100,13.8
4,Kahului,US,2022-10-01 16:09:08,20.8947,-156.47,78.84,73,20,7.0
5,Kavaratti,IN,2022-10-01 16:09:09,10.5669,72.642,81.7,77,100,16.08
6,Paredon,MX,2022-10-01 16:09:10,16.0333,-93.8667,83.43,54,22,10.42
7,Kodiak,US,2022-10-01 16:09:10,57.79,-152.4072,35.11,93,100,5.75
8,Vaini,TO,2022-10-01 16:09:11,-21.2,-175.2,73.56,78,40,9.22
9,Namibe,AO,2022-10-01 16:09:11,-15.1961,12.1522,68.86,80,24,9.78
10,Kapaa,US,2022-10-01 16:09:12,22.0752,-159.319,75.18,94,100,4.61
11,Bredasdorp,ZA,2022-10-01 16:09:13,-34.5322,20.0403,60.91,59,100,8.48
12,Hilo,US,2022-10-01 16:09:13,19.7297,-155.09,76.28,59,0,8.05
13,Sorland,NO,2022-10-01 16:07:28,67.667,12.6934,51.66,62,17,13.18
14,Hasaki,JP,2022-10-01 16:06:25,35.7333,140.8333,68.4,75,1,12.3
15,Namatanai,PG,2022-10-01 16:09:15,-3.6667,152.4333,78.66,81,15,6.91
16,Banda Aceh,ID,2022-10-01 16:09:15,5.5577,95.3222,80.28,76,100,9.26
17,Mildura,AU,2022-10-01 16:09:16,-34.2,142.15,52.07,76,13,8.39
18,Butaritari,KI,2022-10-01 16:09:17,3.0707,172.7902,81.16,77,100,14.38
19,Katsuura,JP,2022-10-01 16:09:17,35.1333,140.3,70.65,83,14,11.01
20,Ancud,CL,2022-10-01 16:09:18,-41.8697,-73.8203,54.32,56,14,2.93
21,Yerbogachen,RU,2022-10-01 16:09:19,61.2767,108.0108,25.36,78,93,3.78
22,Norman Wells,CA,2022-10-01 16:09:19,65.282,-126.8329,48.24,76,75,11.5
23,Newry,GB,2022-10-01 16:09:20,54.1784,-6.3374,61.11,77,10,14.43
24,Punta Arenas,CL,2022-10-01 16:06:21,-53.15,-70.9167,48.31,46,40,27.63
25,Dunedin,NZ,2022-10-01 16:09:21,-45.8742,170.5036,45.81,79,23,2.84
26,Lompoc,US,2022-10-01 16:09:22,34.6391,-120.4579,64.56,96,100,3.44
27,Tura,IN,2022-10-01 16:09:23,25.5198,90.2201,77.07,92,100,1.97
28,Salto Del Guaira,PY,2022-10-01 16:09:23,-24.0625,-54.3069,74.59,73,75,1.59
29,Traverse City,US,2022-10-01 16:07:09,44.7631,-85.6206,62.8,67,20,6.91
30,Bathsheba,BB,2022-10-01 16:09:24,13.2167,-59.5167,84.54,72,100,13.62
31,Viota,CO,2022-10-01 16:09:25,4.4371,-74.5216,77.29,78,95,6.98
32,Conceicao Das Alagoas,BR,2022-10-01 16:09:26,-19.9147,-48.3883,90.55,36,54,5.66
33,Georgetown,MY,2022-10-01 16:08:24,5.4112,100.3354,78.89,87,20,2.3
34,Faanui,PF,2022-10-01 16:09:27,-16.4833,-151.75,77.16,70,77,7.11
35,Hobart,AU,2022-10-01 16:08:54,-42.8794,147.3294,45.05,89,9,8.05
36,Atuona,PF,2022-10-01 16:06:19,-9.8,-139.0333,75.67,76,63,14.76
37,Komsomolskiy,UZ,2022-10-01 16:09:28,40.4272,71.7189,66.92,27,98,0.0
38,Darnah,LY,2022-10-01 16:09:29,32.767,22.6367,87.64,51,0,3.58
39,Kumbo,CM,2022-10-01 16:09:30,6.2,10.6667,67.41,85,46,2.93
40,Talnakh,RU,2022-10-01 16:09:30,69.4865,88.3972,29.21,97,100,6.17
41,Cabo San Lucas,MX,2022-10-01 16:09:31,22.8909,-109.9124,88.11,61,20,2.3
42,Saint George,US,2022-10-01 16:09:32,37.1041,-113.5841,76.78,31,0,5.99
43,Cerritos,US,2022-10-01 16:08:46,33.8583,-118.0648,70.38,76,100,5.75
44,Saint-Philippe,RE,2022-10-01 16:07:53,-21.3585,55.7679,71.19,76,41,10.25
45,Jamestown,US,2022-10-01 16:09:33,42.097,-79.2353,60.39,51,0,14.97
46,Alegrete,BR,2022-10-01 16:09:33,-29.7831,-55.7919,70.56,56,27,7.7
47,Port Alfred,ZA,2022-10-01 16:10:34,-33.5906,26.891,66.18,76,83,3.0
48,Arraial Do Cabo,BR,2022-10-01 16:08:19,-22.9661,-42.0278,75.06,64,40,17.27
49,Yellowknife,CA,2022-10-01 16:07:17,62.456,-114.3525,50.83,76,99,6.02
50,Pevek,RU,2022-10-01 16:10:35,69.7008,170.3133,33.48,81,100,5.44
51,Waipawa,NZ,2022-10-01 16:10:36,-41.4122,175.5153,47.17,97,100,12.88
52,Puerto Ayora,EC,2022-10-01 16:06:06,-0.7393,-90.3518,73.36,98,98,3.0
53,Meulaboh,ID,2022-10-01 16:08:30,4.1363,96.1285,77.4,85,100,3.98
54,Ugoofaaru,MV,2022-10-01 16:10:37,5.6667,73.0,82.36,76,100,17.38
55,Rikitea,PF,2022-10-01 16:10:38,-23.1203,-134.9692,73.74,71,76,9.31
56,Pitimbu,BR,2022-10-01 16:08:49,-7.4706,-34.8086,84.79,60,31,15.93
57,Flinders,AU,2022-10-01 16:10:39,-34.5833,150.8552,51.39,91,89,1.99
58,Saint-Augustin,CA,2022-10-01 16:10:39,51.226,-58.6502,51.26,37,37,14.76
59,Harper,LR,2022-10-01 16:09:21,4.375,-7.7169,78.26,84,70,12.21
60,Ushuaia,AR,2022-10-01 16:10:40,-54.8,-68.3,46.06,53,75,25.32
61,Ilulissat,GL,2022-10-01 16:10:41,69.2167,-51.1,33.82,69,40,3.44
62,Marzuq,YE,2022-10-01 16:10:42,14.4,46.4667,79.52,37,5,6.15
63,Severo-Kurilsk,RU,2022-10-01 16:08:24,50.6789,156.125,43.75,89,100,10.02
64,Puka,EE,2022-10-01 16:10:43,58.0559,26.2436,48.31,90,100,3.56
65,Trelew,AR,2022-10-01 16:07:18,-43.249,-65.3051,66.92,20,7,12.59
66,Albany,US,2022-10-01 16:08:54,42.6001,-73.9662,58.68,69,100,3.38
67,Bethel,US,2022-10-01 16:10:44,41.3712,-73.414,57.29,75,100,10.36
68,Gushikawa,JP,2022-10-01 16:10:45,26.3544,127.8686,79.83,94,0,4.61
69,Qaanaaq,GL,2022-10-01 16:06:08,77.484,-69.3632,9.79,76,0,4.97
70,Santana,BR,2022-10-01 16:10:46,-0.0583,-51.1817,95.18,52,40,13.8
71,Paso De Los Toros,UY,2022-10-01 16:10:47,-32.8167,-56.5167,67.96,52,4,6.06
72,Saldanha,ZA,2022-10-01 16:07:35,-33.0117,17.9442,61.02,74,100,19.3
73,New Norfolk,AU,2022-10-01 16:10:47,-42.7826,147.0587,44.71,71,10,3.27
74,Kavieng,PG,2022-10-01 16:10:48,-2.5744,150.7967,80.8,81,26,13.38
75,Mataura,NZ,2022-10-01 16:10:49,-46.1927,168.8643,32.54,99,12,2.08
76,Cap Malheureux,MU,2022-10-01 16:10:50,-19.9842,57.6142,70.47,68,2,3.0
77,Kinsale,IE,2022-10-01 16:10:50,51.7075,-8.5306,61.97,63,75,11.5
78,Clyde River,CA,2022-10-01 16:10:51,70.4692,-68.5914,27.05,62,2,10.16
79,Pondicherry,IN,2022-10-01 16:10:51,11.93,79.83,82.2,68,100,5.23
80,Ulladulla,AU,2022-10-01 16:10:52,-35.35,150.4667,50.38,87,90,4.25
81,Port Blair,IN,2022-10-01 16:10:53,11.6667,92.75,81.66,81,100,15.79
82,Sao Joao Da Barra,BR,2022-10-01 16:10:54,-21.6403,-41.0511,75.29,68,100,13.09
83,Cockburn Town,TC,2022-10-01 16:10:36,21.4612,-71.1419,82.87,73,52,17.67
84,Bontang,ID,2022-10-01 16:08:08,0.1333,117.5,80.04,83,100,3.76
85,Hermanus,ZA,2022-10-01 16:10:55,-34.4187,19.2345,61.16,69,100,9.86
86,Faya,SA,2022-10-01 16:10:55,18.3851,42.4509,66.72,62,18,7.43
87,Acajutla,SV,2022-10-01 16:10:56,13.5928,-89.8275,83.52,61,95,2.66
88,Port Elizabeth,ZA,2022-10-01 16:10:57,-33.918,25.5701,62.89,77,0,6.91
89,Hithadhoo,MV,2022-10-01 16:06:58,-0.6,73.0833,81.79,72,96,12.91
90,Avarua,CK,2022-10-01 16:10:58,-21.2078,-159.775,69.85,64,75,6.91
91,Portland,US,2022-10-01 16:06:33,45.5234,-122.6762,69.21,82,20,9.22
92,Nikolskoye,RU,2022-10-01 16:10:59,59.7035,30.7861,44.49,87,71,2.8
93,Nelidovo,RU,2022-10-01 16:11:59,56.2211,32.7774,46.65,97,100,7.02
94,Tokur,RU,2022-10-01 16:12:00,53.1333,132.9,26.47,79,34,3.22
95,Fairbanks,US,2022-10-01 16:10:04,64.8378,-147.7164,44.31,87,100,0.0
96,Bengkulu,ID,2022-10-01 16:12:01,-3.8004,102.2655,75.87,92,100,4.03
97,Maningrida,AU,2022-10-01 16:12:02,-12.0667,134.2667,79.32,80,45,3.2
98,Nichinan,JP,2022-10-01 16:12:03,31.6,131.3667,72.37,86,29,1.97
99,Kudahuvadhoo,MV,2022-10-01 16:12:04,2.6708,72.8944,82.53,75,100,18.34
100,Mandalgovi,MN,2022-10-01 16:12:04,45.7625,106.2708,40.68,50,100,12.93
101,Tutoia,BR,2022-10-01 16:12:05,-2.7619,-42.2744,85.46,60,14,16.87
102,Vardo,NO,2022-10-01 16:12:06,70.3705,31.1107,39.18,75,98,8.05
103,Sao Joao Nepomuceno,BR,2022-10-01 16:12:06,-21.54,-43.0106,77.59,70,100,4.38
104,Tabou,CI,2022-10-01 16:12:07,4.423,-7.3528,76.95,88,83,11.23
105,Maniitsoq,GL,2022-10-01 16:12:08,65.4167,-52.9,35.51,65,70,1.03
106,Haacht,BE,2022-10-01 16:12:09,50.9776,4.6354,63.99,69,20,14.97
107,Marmaris,TR,2022-10-01 16:12:10,36.855,28.2742,85.95,43,1,8.14
108,Mumford,GH,2022-10-01 16:12:10,5.2618,-0.759,77.81,83,27,15.26
109,Nirasaki,JP,2022-10-01 16:12:11,35.7,138.45,61.48,88,5,2.42
110,Walvis Bay,NA,2022-10-01 16:12:11,-22.9575,14.5053,63.55,67,0,9.22
111,Caravelas,BR,2022-10-01 16:12:12,-17.7125,-39.2481,77.0,62,92,8.55
112,Jablah,SY,2022-10-01 16:12:13,35.3614,35.9256,78.76,72,0,1.23
113,Sterling,US,2022-10-01 16:08:36,39.0062,-77.4286,58.77,93,100,14.0
114,Eyl,SO,2022-10-01 16:12:13,7.9803,49.8164,77.74,75,57,16.69
115,Ortona,IT,2022-10-01 16:12:14,42.3496,14.4039,69.15,76,33,5.06
116,Gamba,GA,2022-10-01 16:12:15,-2.65,10.0,74.5,94,100,6.08
117,Ribeira Grande,PT,2022-10-01 16:12:16,38.5167,-28.7,75.6,69,40,20.71
118,Port-Gentil,GA,2022-10-01 16:12:16,-0.7193,8.7815,76.96,88,75,8.05
119,Lakes Entrance,AU,2022-10-01 16:12:17,-37.8811,147.981,41.16,92,8,5.17
120,Punta Alta,AR,2022-10-01 16:12:18,-38.8759,-62.0736,72.05,37,68,10.98
121,Tuma,RU,2022-10-01 16:12:18,55.148,40.5537,58.48,96,94,6.35
122,Cherskiy,RU,2022-10-01 16:12:19,68.75,161.3,29.64,98,100,2.64
123,Broken Hill,AU,2022-10-01 16:12:20,-31.95,141.4333,56.25,63,1,9.24
124,Mar Del Plata,AR,2022-10-01 16:12:19,-38.0023,-57.5575,69.82,43,0,4.61
125,Ejura,GH,2022-10-01 16:12:21,7.3856,-1.3562,78.98,84,86,2.48
126,Smithers,CA,2022-10-01 16:10:14,54.7804,-127.1743,52.65,86,74,3.0
127,Bluff,NZ,2022-10-01 16:12:22,-46.6,168.3333,40.66,84,34,5.5
128,Khatanga,RU,2022-10-01 16:12:22,71.9667,102.5,29.59,96,100,15.3
129,Quelimane,MZ,2022-10-01 16:12:23,-17.8786,36.8883,76.95,83,0,9.22
130,Tokmak,UA,2022-10-01 16:12:24,47.2514,35.7058,71.8,57,99,12.12
131,Saskylakh,RU,2022-10-01 16:12:24,71.9167,114.0833,31.6,98,100,7.61
132,Esperance,AU,2022-10-01 16:12:25,-33.8667,121.9,56.3,75,100,14.61
133,Pangnirtung,CA,2022-10-01 16:12:26,66.1451,-65.7125,34.43,48,100,1.5
134,Sanford,US,2022-10-01 16:09:00,28.8006,-81.2731,81.99,62,0,5.75
135,Bayji,IQ,2022-10-01 16:12:27,34.9311,43.487,89.49,14,0,5.37
136,Djenne,ML,2022-10-01 16:12:28,13.9061,-4.5533,92.95,34,61,3.02
137,Busselton,AU,2022-10-01 16:12:29,-33.65,115.3333,55.15,84,42,15.08
138,Lambarene,GA,2022-10-01 16:12:29,-0.7001,10.2406,77.29,87,100,6.15
139,Lasa,IT,2022-10-01 16:12:30,46.6166,10.7002,55.36,85,92,3.22
140,Thompson,CA,2022-10-01 16:09:26,55.7435,-97.8558,43.3,38,0,6.46
141,Hay River,CA,2022-10-01 16:13:31,60.8156,-115.7999,55.38,82,75,6.91
142,Olafsvik,IS,2022-10-01 16:13:31,64.8945,-23.7142,47.84,88,100,18.5
143,Codrington,AU,2022-10-01 16:13:32,-38.2667,141.9667,45.14,90,0,5.99
144,Coihaique,CL,2022-10-01 16:13:33,-45.5752,-72.0662,53.55,43,0,6.91
145,Matata,NZ,2022-10-01 16:13:34,-37.8833,176.75,63.84,99,100,6.46
146,Duda,RO,2022-10-01 16:13:34,46.7525,28.0372,74.59,40,100,10.54
147,Canto Do Buriti,BR,2022-10-01 16:13:35,-8.11,-42.9444,96.31,16,25,10.2
148,Soyo,AO,2022-10-01 16:13:35,-6.1349,12.3689,77.72,82,84,11.12
149,Ovsyanka,RU,2022-10-01 16:13:36,55.9575,92.5519,33.22,94,99,4.07
150,Buchanan,LR,2022-10-01 16:13:37,5.8808,-10.0467,78.26,85,97,11.54
151,Galesburg,US,2022-10-01 16:13:37,40.9478,-90.3712,67.78,70,0,3.44
152,Aswan,EG,2022-10-01 16:13:38,24.0934,32.907,99.75,13,0,21.32
153,Touros,BR,2022-10-01 16:13:39,-5.1989,-35.4608,84.31,59,17,19.93
154,Lewistown,US,2022-10-01 16:13:39,40.5992,-77.5714,57.94,90,75,8.05
155,Barra Do Garcas,BR,2022-10-01 16:13:40,-15.89,-52.2567,102.6,21,58,5.7
156,Limbang,MY,2022-10-01 16:13:41,4.75,115.0,80.71,97,100,1.66
157,Ismailia,EG,2022-10-01 16:13:41,30.6043,32.2723,91.47,46,0,9.22
158,Liepaja,LV,2022-10-01 16:13:42,56.5419,21.0367,53.58,87,0,3.44
159,Bilma,NE,2022-10-01 16:13:43,18.6853,12.9164,103.57,14,32,10.65
160,Buraydah,SA,2022-10-01 16:13:43,26.326,43.975,84.81,11,0,12.33
161,Fort Nelson,CA,2022-10-01 16:13:44,58.8053,-122.7002,45.99,87,75,3.44
162,Bambous Virieux,MU,2022-10-01 16:13:45,-20.3428,57.7575,70.21,78,40,8.05
163,Micheweni,TZ,2022-10-01 16:13:46,-4.9667,39.8333,75.81,75,12,13.42
164,Tungor,RU,2022-10-01 16:13:46,53.3808,142.9564,34.47,71,11,9.71
165,Souillac,MU,2022-10-01 16:13:47,-20.5167,57.5167,70.18,78,40,8.05
166,Dikson,RU,2022-10-01 16:13:47,73.5069,80.5464,34.32,99,100,13.29
167,Rapid City,US,2022-10-01 16:10:50,44.0805,-103.231,63.7,80,100,21.85
168,San Andres,CO,2022-10-01 16:13:48,12.5847,-81.7006,86.02,74,75,8.05
169,Hamilton,US,2022-10-01 16:08:57,39.1834,-84.5333,67.98,49,0,16.11
170,Ust-Kulom,RU,2022-10-01 16:13:49,61.6864,53.6902,43.68,89,100,7.9
171,Iztapa,GT,2022-10-01 16:13:50,13.9333,-90.7075,86.05,79,40,6.91
172,Goderich,CA,2022-10-01 16:13:51,43.7501,-81.7165,61.12,63,100,11.5
173,Korla,CN,2022-10-01 16:13:51,41.7597,86.1469,56.82,28,100,5.17
174,Bystrice,CZ,2022-10-01 16:13:52,49.6366,18.7204,55.99,88,100,5.99
175,Olean,US,2022-10-01 16:13:52,42.0776,-78.4297,61.66,71,0,12.66
176,Zeya,RU,2022-10-01 16:13:53,53.75,127.2667,38.23,69,100,7.99
177,Piacabucu,BR,2022-10-01 16:13:54,-10.4056,-36.4344,81.54,53,5,10.29
178,Sakakah,SA,2022-10-01 16:13:54,29.9697,40.2064,90.97,15,0,6.29
179,Kapoeta,SS,2022-10-01 16:13:55,4.7717,33.5903,89.02,29,55,9.1
180,Sao Filipe,CV,2022-10-01 16:13:55,14.8961,-24.4956,79.9,77,18,7.83
181,Howard Springs,AU,2022-10-01 16:13:56,-12.497,131.047,75.11,93,91,4.74
182,Cidreira,BR,2022-10-01 16:13:57,-30.1811,-50.2056,66.45,73,72,14.32
183,Frontera,MX,2022-10-01 16:13:44,26.9333,-101.45,77.32,42,9,3.0
184,Vilhena,BR,2022-10-01 16:13:58,-12.7406,-60.1458,94.01,31,33,2.46
185,Port Hedland,AU,2022-10-01 16:13:59,-20.3167,118.5667,75.25,78,75,12.66
186,Laguna,US,2022-10-01 16:13:59,38.421,-121.4238,78.08,73,0,4.61
187,Leshukonskoye,RU,2022-10-01 16:15:00,64.8989,45.7622,40.75,97,76,4.59
188,Tela,HN,2022-10-01 16:15:01,15.7833,-87.45,80.55,89,75,3.44
189,Lagoa,PT,2022-10-01 16:15:02,39.05,-27.9833,71.15,77,14,19.01
190,Synya,RU,2022-10-01 16:15:02,65.3718,58.0387,37.81,93,100,12.35
191,Lebu,CL,2022-10-01 16:15:03,-37.6167,-73.65,59.09,68,13,12.86
192,Arlit,NE,2022-10-01 16:15:04,18.7369,7.3853,93.61,30,60,15.7
193,Ayagoz,KZ,2022-10-01 16:15:05,47.9714,80.4392,27.59,69,3,14.76
194,Torbay,CA,2022-10-01 16:15:05,47.6666,-52.7314,64.58,55,20,25.32
195,Esso,RU,2022-10-01 16:15:06,55.9333,158.7,32.23,95,100,3.4
196,Swift Current,CA,2022-10-01 16:15:07,50.2834,-107.8014,49.01,93,100,11.5
197,Evensk,RU,2022-10-01 16:15:08,61.95,159.2333,28.58,87,90,7.92
198,Riyadh,SA,2022-10-01 16:14:52,24.6877,46.7219,89.74,11,0,7.02
199,Gat,IL,2022-10-01 16:15:09,31.61,34.7642,85.41,100,0,9.55
200,Belyy Yar,RU,2022-10-01 16:15:10,53.6039,91.3903,30.09,71,0,0.0
201,Terrace,CA,2022-10-01 16:10:39,54.5163,-128.6035,53.51,100,100,6.91
202,Longyearbyen,SJ,2022-10-01 16:15:11,78.2186,15.6401,37.24,93,75,5.75
203,Disna,BY,2022-10-01 16:15:11,55.568,28.1971,45.61,96,100,4.03
204,Lavumisa,SZ,2022-10-01 16:15:12,-27.31,31.892,74.5,72,19,12.62
205,Stephenville Crossing,CA,2022-10-01 16:15:13,48.5,-58.4318,58.21,77,40,17.27
206,Durazno,UY,2022-10-01 16:15:13,-33.4131,-56.5006,67.95,52,75,9.22
207,Carnarvon,AU,2022-10-01 16:15:14,-24.8667,113.6333,67.62,78,0,22.93
208,Ponta Do Sol,PT,2022-10-01 16:15:14,32.6667,-17.1,78.71,70,80,2.17
209,Havoysund,NO,2022-10-01 16:15:15,70.9963,24.6622,43.03,66,62,10.71
210,Tuktoyaktuk,CA,2022-10-01 16:15:16,69.4541,-133.0374,32.0,93,100,10.36
211,Rocha,UY,2022-10-01 16:12:27,-34.4833,-54.3333,66.42,56,5,7.96
212,Moshkovo,RU,2022-10-01 16:15:17,55.3053,83.6104,28.96,85,86,2.06
213,Barrow,US,2022-10-01 16:15:18,71.2906,-156.7887,26.62,86,100,11.5
214,San Patricio,US,2022-10-01 16:15:18,28.017,-97.5169,83.16,38,0,9.37
215,Price,US,2022-10-01 16:15:19,39.5994,-110.8107,55.11,66,0,3.44
216,Nador,MA,2022-10-01 16:15:20,35.174,-2.9287,75.27,60,20,13.8
217,Kortkeros,RU,2022-10-01 16:15:21,61.8106,51.5806,46.4,97,100,8.55
218,Ossora,RU,2022-10-01 16:15:21,59.2353,163.0719,39.15,77,65,5.26
219,Victoria,HK,2022-10-01 16:12:09,22.2855,114.1577,83.32,86,50,8.99
220,Vila Franca Do Campo,PT,2022-10-01 16:14:31,37.7167,-25.4333,73.81,74,59,12.73
221,Colombo,LK,2022-10-01 16:13:43,6.9319,79.8478,79.92,86,96,15.66
222,Ames,US,2022-10-01 16:10:57,42.0347,-93.6199,69.1,50,0,13.8
223,Shostka,UA,2022-10-01 16:15:24,51.863,33.4698,59.85,72,98,9.78
224,Latung,PH,2022-10-01 16:15:25,5.5,120.8833,83.84,70,79,2.98
225,Baykit,RU,2022-10-01 16:15:25,61.67,96.37,28.67,84,100,3.2
226,Thinadhoo,MV,2022-10-01 16:15:26,0.5333,72.9333,82.15,74,52,14.47
227,Krasnovishersk,RU,2022-10-01 16:15:27,60.4078,57.082,42.66,79,100,6.55
228,Shimonoseki,JP,2022-10-01 16:15:27,33.95,130.95,69.8,78,0,2.3
229,Aksarka,RU,2022-10-01 16:15:28,66.5606,67.7975,31.98,69,79,13.73
230,Khilok,RU,2022-10-01 16:15:29,51.3674,110.4676,24.82,91,69,7.61
231,Fortuna,US,2022-10-01 16:15:29,40.5982,-124.1573,55.74,43,60,2.75
232,Lahat,ID,2022-10-01 16:15:30,-3.8,103.5333,73.94,99,100,2.06
233,Yuci,CN,2022-10-01 16:15:31,37.6803,112.7319,60.55,94,100,6.71
234,Houston,US,2022-10-01 16:14:10,29.7633,-95.3633,80.35,44,0,8.05
235,Leningradskiy,RU,2022-10-01 16:15:32,69.3833,178.4167,26.92,83,100,8.95
236,Safford,US,2022-10-01 16:15:33,32.834,-109.7076,79.11,46,0,9.22
237,San Cristobal,VE,2022-10-01 16:16:34,7.7669,-72.225,78.98,54,100,7.2
238,Kloulklubed,PW,2022-10-01 16:16:34,7.0419,134.2556,73.9,76,94,8.68
239,Deputatskiy,RU,2022-10-01 16:16:35,69.3,139.9,5.7,96,91,4.36
240,Praia Da Vitoria,PT,2022-10-01 16:16:36,38.7333,-27.0667,75.45,73,20,17.76
241,Merauke,ID,2022-10-01 16:16:37,-8.4667,140.3333,78.57,89,96,11.14
242,Zaraza,VE,2022-10-01 16:16:37,9.3503,-65.3245,88.57,60,58,7.34
243,Upernavik,GL,2022-10-01 16:13:08,72.7868,-56.1549,22.66,78,33,6.11
244,San-Pedro,CI,2022-10-01 16:16:39,4.7485,-6.6363,77.05,91,93,11.79
245,Amarillo,US,2022-10-01 16:11:50,35.222,-101.8313,80.1,38,0,11.5
246,Lingao,CN,2022-10-01 16:12:51,19.9103,109.6859,77.45,89,100,10.13
247,Honningsvag,NO,2022-10-01 16:16:40,70.9821,25.9704,42.55,75,100,4.61
248,Isangel,VU,2022-10-01 16:16:41,-19.55,169.2667,75.36,90,27,5.82
249,Dhali,IN,2022-10-01 16:16:42,10.5,77.1667,74.46,66,100,7.54
250,Castro,BR,2022-10-01 16:16:42,-24.7911,-50.0119,67.41,74,89,6.89
251,Saint-Pierre,RE,2022-10-01 16:16:43,-21.3393,55.4781,71.28,64,0,11.5
252,Port Lincoln,AU,2022-10-01 16:16:44,-34.7333,135.8667,56.32,86,6,8.16
253,Trinidad,BO,2022-10-01 16:16:45,-14.8333,-64.9,89.58,43,15,5.75
254,Srednekolymsk,RU,2022-10-01 16:16:45,67.45,153.6833,26.1,88,100,8.99
255,Kanniyakumari,IN,2022-10-01 16:16:46,8.0833,77.5667,79.41,82,95,16.91
256,Anadyr,RU,2022-10-01 16:16:47,64.75,177.4833,28.9,92,0,8.95
257,Gazojak,TM,2022-10-01 16:16:48,41.1875,61.4036,60.76,14,0,18.43
258,Poros,GR,2022-10-01 16:16:48,37.4994,23.4536,78.46,70,34,9.31
259,Mareeba,AU,2022-10-01 16:16:49,-17.0,145.4333,68.72,87,24,2.17
260,Superior,US,2022-10-01 16:16:50,46.7208,-92.1041,58.44,83,100,21.85
261,Njombe,TZ,2022-10-01 16:16:50,-9.3333,34.7667,58.89,70,37,7.0
262,Kampong Chhnang,KH,2022-10-01 16:16:51,12.1667,104.55,77.2,92,100,2.93
263,West Helena,US,2022-10-01 16:16:52,34.5507,-90.6418,71.35,34,0,10.29
264,Tiksi,RU,2022-10-01 16:16:53,71.6872,128.8694,15.33,94,86,11.14
265,Kamaishi,JP,2022-10-01 16:16:53,39.2667,141.8833,65.75,75,0,5.3
266,Qaqortoq,GL,2022-10-01 16:16:54,60.7167,-46.0333,39.34,88,100,9.51
267,Cape Town,ZA,2022-10-01 16:16:55,-33.9258,18.4232,66.11,65,0,18.41
268,Ilebo,CD,2022-10-01 16:16:56,-4.3167,20.5833,82.99,61,55,2.42
269,Alofi,NU,2022-10-01 16:16:56,-19.0595,-169.9187,69.69,88,100,18.45
270,Kruisfontein,ZA,2022-10-01 16:16:57,-34.0033,24.7314,60.31,69,44,7.74
271,Putina,PE,2022-10-01 16:16:58,-15.4667,-69.4333,49.73,50,5,7.29
272,Avera,US,2022-10-01 16:16:59,33.194,-82.5271,71.91,41,26,8.12
273,Pochutla,MX,2022-10-01 16:16:59,15.7432,-96.4661,85.82,71,6,3.36
274,Coari,BR,2022-10-01 16:17:00,-4.085,-63.1414,96.37,39,60,1.81
275,Dayong,CN,2022-10-01 16:17:01,25.0209,118.2898,75.34,92,0,1.36
276,Tocopilla,CL,2022-10-01 16:17:01,-22.092,-70.1979,66.07,59,11,8.66
277,Ahipara,NZ,2022-10-01 16:17:02,-35.1667,173.1667,57.83,96,83,7.0
278,Bira,RU,2022-10-01 16:12:20,49.0,132.4667,40.8,73,8,2.06
279,Rawah,IQ,2022-10-01 16:17:03,34.4816,41.9093,87.04,14,0,5.64
280,Shache,CN,2022-10-01 16:17:04,38.4167,77.2406,71.35,22,100,11.43
281,Sept-Iles,CA,2022-10-01 16:17:05,50.2001,-66.3821,54.05,45,20,10.36
282,Sindor,RU,2022-10-01 16:17:05,62.8629,51.8905,42.73,98,100,7.27
283,Algiers,DZ,2022-10-01 16:14:27,36.7525,3.042,73.22,57,20,11.5
284,Broome,US,2022-10-01 16:17:07,42.2506,-75.833,64.42,64,0,9.22
285,Rapid Valley,US,2022-10-01 16:17:07,44.0625,-103.1463,62.64,77,75,21.85
286,Port Macquarie,AU,2022-10-01 16:18:08,-31.4333,152.9167,54.9,76,85,6.42
287,Biak,ID,2022-10-01 16:18:09,-0.9131,122.8766,76.28,84,46,1.57
288,Vao,NC,2022-10-01 16:18:09,-22.6667,167.4833,71.19,68,100,11.99
289,Aykhal,RU,2022-10-01 16:18:10,66.0,111.5,18.68,96,92,4.94
290,Vernon,CA,2022-10-01 16:18:10,50.2581,-119.2691,64.24,61,30,1.14
291,Susangerd,IR,2022-10-01 16:18:11,31.5608,48.1831,94.84,8,0,9.82
292,Kongolo,CD,2022-10-01 16:18:12,-5.3833,27.0,78.64,63,80,8.5
293,Coos Bay,US,2022-10-01 16:18:12,43.3665,-124.2179,66.18,68,0,13.8
294,Kota Bahru,MY,2022-10-01 16:18:13,6.1333,102.2386,80.55,78,20,2.3
295,Auki,SB,2022-10-01 16:15:17,-8.7676,160.7034,76.08,86,22,3.18
296,Doha,QA,2022-10-01 16:18:15,25.2867,51.5333,89.91,70,0,5.75
297,Lata,PT,2022-10-01 16:18:15,40.1629,-8.3327,79.92,39,10,4.45
298,Chokurdakh,RU,2022-10-01 16:18:16,70.6333,147.9167,22.75,89,100,4.65
299,Russell,US,2022-10-01 16:18:17,32.3502,-85.1999,74.91,43,0,8.05
300,Butterworth,MY,2022-10-01 16:18:17,5.3991,100.3638,79.0,87,20,4.61
301,Sovetskaya Gavan,RU,2022-10-01 16:18:18,48.9723,140.2878,41.27,87,7,3.38
302,Xinan,CN,2022-10-01 16:18:18,26.72,119.8556,74.89,91,9,5.12
303,Yar-Sale,RU,2022-10-01 16:18:19,66.8333,70.8333,32.36,69,87,13.87
304,Geraldton,AU,2022-10-01 16:18:20,-28.7667,114.6,57.61,88,99,3.44
305,Faro,PT,2022-10-01 16:18:21,37.0194,-7.9322,79.18,31,0,11.5
306,Poso,ID,2022-10-01 16:18:21,-1.3959,120.7524,76.48,87,90,3.76
307,Miri,MY,2022-10-01 16:18:22,4.4148,114.0089,80.74,94,40,3.44
308,Hit,IQ,2022-10-01 16:18:23,33.6416,42.8251,89.15,16,0,7.43
309,Tabuk,PH,2022-10-01 16:18:24,17.4189,121.4443,74.44,88,99,3.13
310,Igarka,RU,2022-10-01 16:13:56,67.4667,86.5833,31.12,73,100,7.76
311,Muriti,TZ,2022-10-01 16:18:25,-1.9833,32.9167,75.4,62,58,8.34
312,Honiara,SB,2022-10-01 16:18:26,-9.4333,159.95,77.18,84,22,3.33
313,East London,ZA,2022-10-01 16:16:44,-33.0153,27.9116,63.54,88,0,5.75
314,Husavik,IS,2022-10-01 16:18:27,66.0449,-17.3389,47.25,90,100,19.57
315,Ambon,ID,2022-10-01 16:18:28,-3.6954,128.1814,78.94,94,40,5.75
316,Pishin,PK,2022-10-01 16:18:28,30.5803,66.9961,73.45,12,0,4.21
317,Alyangula,AU,2022-10-01 16:18:29,-13.8483,136.4192,77.61,67,22,5.28
318,Lashio,MM,2022-10-01 16:18:29,22.9333,97.75,68.95,98,100,0.89
319,Kaka,TM,2022-10-01 16:18:09,37.3482,59.6143,70.43,19,0,3.96
320,Hovd,MN,2022-10-01 16:18:31,48.0056,91.6419,27.05,29,100,3.67
321,Mopipi,BW,2022-10-01 16:18:31,-21.1833,24.8833,91.56,11,0,13.65
322,Moses Lake,US,2022-10-01 16:16:27,47.1301,-119.2781,63.28,72,0,4.61
323,Liuzhou,CN,2022-10-01 16:18:32,24.3126,109.3892,77.0,86,33,2.51
324,Jiazi,CN,2022-10-01 16:18:33,22.8779,116.067,78.84,86,3,7.36
325,Shymkent,KZ,2022-10-01 16:18:33,42.3,69.6,55.99,21,0,11.18
326,Lokosovo,RU,2022-10-01 16:18:34,61.1333,74.8167,28.67,70,24,5.64
327,Xinqing,CN,2022-10-01 16:18:35,48.2333,129.5,39.83,71,100,2.59
328,Luderitz,NA,2022-10-01 16:18:36,-26.6481,15.1594,66.06,63,0,16.37
329,Farmington,US,2022-10-01 16:18:36,36.7281,-108.2187,63.19,57,0,6.91
330,Egvekinot,RU,2022-10-01 16:18:37,66.3167,-179.1667,23.16,79,100,8.19
331,Klaksvik,FO,2022-10-01 16:19:37,62.2266,-6.589,50.92,87,63,17.65
332,Lixourion,GR,2022-10-01 16:19:38,38.2019,20.4314,80.6,78,40,9.22
333,Chapada Dos Guimaraes,BR,2022-10-01 16:19:39,-15.4606,-55.7497,78.46,40,53,4.54
334,Suez,EG,2022-10-01 16:19:39,29.9737,32.5263,86.25,38,0,14.72
335,Iqaluit,CA,2022-10-01 16:19:40,63.7506,-68.5145,33.53,69,40,20.71
336,Pleshanovo,RU,2022-10-01 16:19:40,52.8333,53.4833,50.05,46,82,12.26
337,Mianwali,PK,2022-10-01 16:19:41,32.5741,71.5264,89.15,30,0,4.79
338,Jacareacanga,BR,2022-10-01 16:19:42,-6.2222,-57.7528,93.13,40,96,3.71
339,Flin Flon,CA,2022-10-01 16:19:43,54.7682,-101.865,46.24,81,100,4.61
340,Tacuati,PY,2022-10-01 16:19:44,-23.45,-56.5833,81.34,53,65,3.6
341,Moussoro,TD,2022-10-01 16:19:44,13.6408,16.4901,101.17,17,10,12.15
342,Kholodnyy,RU,2022-10-01 16:19:45,62.7167,147.95,19.74,94,98,2.48
343,Hwange,ZW,2022-10-01 16:19:11,-18.3693,26.5019,88.9,18,0,7.76
344,College,US,2022-10-01 16:19:47,64.8569,-147.8028,44.29,86,75,0.0
345,San Vicente,AR,2022-10-01 16:19:47,-26.6167,-54.1333,72.41,56,84,2.55
346,Ilhabela,BR,2022-10-01 16:19:48,-23.7781,-45.3581,68.83,88,77,3.91
347,Boa Vista,BR,2022-10-01 16:19:49,2.8197,-60.6733,91.38,46,40,11.5
348,Bubaque,GW,2022-10-01 16:19:49,11.2833,-15.8333,81.09,78,99,9.13
349,Berbera,SO,2022-10-01 16:19:50,10.4396,45.0143,89.91,61,49,0.4
350,Noumea,NC,2022-10-01 16:17:24,-22.2763,166.4572,58.98,75,100,5.88
351,Bose,IT,2022-10-01 16:19:51,45.4612,8.0137,68.65,71,10,2.8
352,Corpus Christi,US,2022-10-01 16:16:00,27.8006,-97.3964,84.29,57,20,13.8
353,Tsabong,BW,2022-10-01 16:19:52,-26.0217,22.401,90.93,12,70,9.15
354,Zalantun,CN,2022-10-01 16:19:52,48.0,122.7167,44.87,88,100,7.92
355,Labuhan,ID,2022-10-01 16:19:53,-6.8844,112.2051,81.0,77,84,5.01
356,Surt,LY,2022-10-01 16:19:54,31.2089,16.5887,88.92,54,0,10.94
357,Savelugu,GH,2022-10-01 16:19:55,9.6244,-0.8253,82.62,69,91,4.38
358,Mackay,AU,2022-10-01 16:19:55,-21.15,149.2,64.69,69,92,4.97
359,Lianran,CN,2022-10-01 16:19:56,24.9227,102.485,63.14,95,100,2.55
360,Chumikan,RU,2022-10-01 16:19:56,54.7183,135.315,34.9,71,54,8.9
361,Sitka,US,2022-10-01 16:19:57,57.0531,-135.33,55.29,76,100,5.75
362,Chake Chake,TZ,2022-10-01 16:19:58,-5.2459,39.7666,74.7,75,4,11.63
363,Yelizovo,RU,2022-10-01 16:19:58,53.1873,158.3805,39.34,80,75,7.0
364,Richards Bay,ZA,2022-10-01 16:19:59,-28.783,32.0377,70.41,83,99,13.87
365,Nanortalik,GL,2022-10-01 16:19:59,60.1432,-45.2371,40.53,80,100,7.18
366,Kupang,ID,2022-10-01 16:20:00,-10.1667,123.5833,79.7,81,82,5.61
367,Mahebourg,MU,2022-10-01 16:20:01,-20.4081,57.7,70.25,78,40,8.05
368,Kamina,CD,2022-10-01 16:20:02,-8.7386,24.9906,81.07,31,80,3.36
369,Icod De Los Vinos,ES,2022-10-01 16:20:02,28.3724,-16.7119,74.95,77,21,10.33
370,Nyurba,RU,2022-10-01 16:20:03,63.2842,118.3319,24.35,88,98,3.78
371,Valley,US,2022-10-01 16:19:55,45.1277,-116.1262,36.21,63,57,3.29
372,Pervomayskaya,RU,2022-10-01 16:20:04,43.4033,45.5261,71.4,56,0,6.71
373,Otta,NO,2022-10-01 16:20:04,61.7712,9.5353,46.85,99,100,4.94
374,Kharitonovo,RU,2022-10-01 16:20:05,61.4009,47.4978,47.98,99,100,5.01
375,Roma,US,2022-10-01 16:21:06,43.2128,-75.4557,62.73,65,100,3.0
376,Paamiut,GL,2022-10-01 16:21:06,61.994,-49.6678,37.29,97,100,14.72
377,Bruntal,CZ,2022-10-01 16:21:07,49.9884,17.4647,55.58,90,100,14.27
378,Rio Grande,BR,2022-10-01 16:21:08,-32.035,-52.0986,69.91,79,46,11.65
379,Mehriz,IR,2022-10-01 16:21:08,31.5917,54.4318,77.5,17,0,5.73
380,Hokitika,NZ,2022-10-01 16:21:09,-42.7167,170.9667,43.52,87,99,8.12
381,Boden,SE,2022-10-01 16:21:11,65.8252,21.6886,44.6,89,48,4.7
382,Port Hardy,CA,2022-10-01 16:21:11,50.6996,-127.4199,48.38,100,75,0.0
383,Viedma,AR,2022-10-01 16:21:12,-40.8135,-62.9967,70.52,35,0,14.58
384,Axim,GH,2022-10-01 16:21:13,4.8699,-2.2405,78.64,79,45,11.97
385,Guerrero Negro,MX,2022-10-01 16:21:13,27.9769,-114.0611,71.19,71,5,14.14
386,Airai,TL,2022-10-01 16:21:14,-8.9266,125.4092,61.61,93,96,0.74
387,Tazovskiy,RU,2022-10-01 16:21:14,67.4667,78.7,30.02,75,99,11.83
388,Nizip,TR,2022-10-01 16:21:15,37.0097,37.7942,84.33,14,0,16.31
389,Macklin,CA,2022-10-01 16:21:15,52.3334,-109.9348,53.94,54,8,12.21
390,Hunsur,IN,2022-10-01 16:21:16,12.3075,76.2878,68.54,89,100,6.87
391,Mogadishu,SO,2022-10-01 16:19:15,2.0371,45.3438,77.49,81,12,16.73
392,Villazon,BO,2022-10-01 16:21:17,-22.0866,-65.5942,62.94,15,39,7.78
393,Ballina,AU,2022-10-01 16:21:17,-28.8667,153.5667,55.44,99,100,11.25
394,Ewa Beach,US,2022-10-01 16:20:37,21.3156,-158.0072,75.4,80,0,4.0
395,Mattru,SL,2022-10-01 16:21:19,7.6244,-11.8332,78.08,91,91,4.18
396,Bairiki,KI,2022-10-01 16:21:20,1.3292,172.9752,80.6,78,40,10.36
397,Bahadurgarh,IN,2022-10-01 16:21:20,28.6833,76.9167,84.31,45,0,4.34
398,Ternate,ID,2022-10-01 16:21:21,0.8,127.4,80.37,80,98,4.0
399,Conceicao Do Araguaia,BR,2022-10-01 16:21:21,-8.2578,-49.2647,102.11,18,7,8.66
400,Askino,RU,2022-10-01 16:21:22,56.0901,56.5783,43.48,75,75,6.91
401,Sol-Iletsk,RU,2022-10-01 16:21:23,51.1631,54.9918,52.92,40,100,11.48
402,Kaltasy,RU,2022-10-01 16:21:23,55.9693,54.8032,44.67,72,79,9.75
403,Marsh Harbour,BS,2022-10-01 16:21:24,26.5412,-77.0636,82.69,69,37,3.56
404,The Valley,AI,2022-10-01 16:18:51,18.217,-63.0578,86.09,84,20,11.5
405,Zyryanka,RU,2022-10-01 16:21:25,65.75,150.85,26.33,93,100,10.74
406,Ha Noi,VN,2022-10-01 16:19:22,21.0245,105.8412,78.8,93,100,4.25
407,Maceio,BR,2022-10-01 16:16:54,-9.6658,-35.7353,85.44,51,40,12.66
408,Westport,US,2022-10-01 16:21:27,41.1415,-73.3579,57.88,89,100,10.0
409,Nara,JP,2022-10-01 16:18:58,34.6851,135.8049,69.49,51,7,1.92
410,Makakilo City,US,2022-10-01 16:21:27,21.3469,-158.0858,73.98,80,0,3.44
411,Kerema,PG,2022-10-01 16:21:28,-7.9631,145.7785,78.96,87,93,4.92
412,Callaguip,PH,2022-10-01 16:21:29,18.0714,120.4867,81.05,77,32,2.46
413,Chuy,UY,2022-10-01 16:21:29,-33.6971,-53.4616,64.63,63,20,9.57
414,Batsfjord,NO,2022-10-01 16:21:30,70.6345,29.7185,40.93,87,100,6.91
415,Aklavik,CA,2022-10-01 16:21:31,68.2191,-135.0107,31.87,99,100,5.84
416,Nevelsk,RU,2022-10-01 16:21:31,46.6733,141.8633,45.55,83,4,6.13
417,Praia,CV,2022-10-01 16:22:32,14.9215,-23.5087,86.54,58,75,13.8
418,Menongue,AO,2022-10-01 16:22:33,-14.6585,17.691,93.15,8,7,11.48
419,Derzhavinsk,KZ,2022-10-01 16:22:33,51.1,66.3167,36.45,37,1,8.3
420,Salinopolis,BR,2022-10-01 16:22:34,-0.6136,-47.3561,85.55,64,61,13.6
421,Anito,PH,2022-10-01 16:22:34,12.4497,125.2886,78.53,89,91,5.48
422,Nioki,CD,2022-10-01 16:22:35,-2.7167,17.6833,82.45,66,74,3.11
423,Bocas Del Toro,PA,2022-10-01 16:22:35,9.3333,-82.25,81.05,76,100,3.18
424,Termoli,IT,2022-10-01 16:22:36,41.9888,14.9895,67.78,65,24,6.11
425,Harvard,US,2022-10-01 16:22:36,42.4222,-88.6137,66.49,72,0,9.13
426,Umm Lajj,SA,2022-10-01 16:22:37,25.0213,37.2685,89.01,54,0,14.88
427,Waitati,NZ,2022-10-01 16:22:37,-45.75,170.5667,45.81,79,31,2.26
428,Bud,US,2022-10-01 16:22:38,39.447,-86.1758,67.35,60,0,14.14
429,Mariental,NA,2022-10-01 16:22:39,-24.6333,17.9667,93.45,9,2,2.62
430,Cabedelo,BR,2022-10-01 16:21:40,-6.9811,-34.8339,84.87,62,20,17.18
431,Constantine,DZ,2022-10-01 16:22:39,36.365,6.6147,71.01,52,40,9.22
432,Pisco,PE,2022-10-01 16:22:40,-13.7,-76.2167,66.25,68,0,11.5
433,Yulara,AU,2022-10-01 16:21:39,-25.2406,130.9889,57.42,70,86,11.07
434,Moron,AR,2022-10-01 16:22:41,-34.6534,-58.6198,76.01,42,26,2.13
435,Galesong,ID,2022-10-01 16:22:41,-5.3166,119.3661,75.22,79,34,6.69
436,Saint-Georges,GD,2022-10-01 16:22:42,12.0564,-61.7485,87.48,74,20,16.11
437,Cairo Montenotte,IT,2022-10-01 16:22:42,44.4031,8.2746,68.61,74,18,5.26
438,Bambanglipuro,ID,2022-10-01 16:22:43,-7.95,110.2833,77.2,88,85,5.7
439,Huarmey,PE,2022-10-01 16:22:44,-10.0681,-78.1522,68.0,72,59,12.12
440,Ajaigarh,IN,2022-10-01 16:22:45,24.9,80.2667,82.72,54,76,1.01
441,Gorontalo,ID,2022-10-01 16:22:45,0.5412,123.0595,74.12,96,88,2.75
442,Lovozero,RU,2022-10-01 16:22:46,68.005,35.0117,35.38,100,100,2.33
443,Maxixe,MZ,2022-10-01 16:22:46,-23.8597,35.3472,75.02,88,20,9.22
444,Kiunga,PG,2022-10-01 16:22:47,-6.1219,141.2906,73.33,100,100,1.52
445,Sabancuy,MX,2022-10-01 16:22:48,18.9667,-91.1833,82.35,51,99,8.52
446,Wahiawa,US,2022-10-01 16:22:48,21.5028,-158.0236,72.18,84,6,3.6
447,Narsaq,GL,2022-10-01 16:22:49,60.9167,-46.05,39.42,94,100,5.73
448,Opuwo,NA,2022-10-01 16:22:49,-18.0607,13.84,92.68,12,15,7.72
449,Taltal,CL,2022-10-01 16:22:50,-25.4,-70.4833,63.23,65,7,7.43
450,Bowen,AU,2022-10-01 16:22:50,-20.0167,148.2333,71.55,69,91,6.73
451,Saint Anthony,US,2022-10-01 16:22:51,45.0205,-93.218,66.96,60,20,5.75
452,Rapar,IN,2022-10-01 16:22:51,23.5667,70.6333,85.33,59,34,8.32
453,Mehamn,NO,2022-10-01 16:22:52,71.0357,27.8492,40.91,93,100,2.3
454,Adre,TD,2022-10-01 16:22:53,13.4667,22.2,87.87,31,23,6.17
455,Hobyo,SO,2022-10-01 16:22:54,5.3505,48.5268,77.2,82,9,23.42
456,Anori,BR,2022-10-01 16:22:54,-3.7728,-61.6442,101.79,30,86,2.28
457,Camacha,PT,2022-10-01 16:22:55,33.0833,-16.3333,71.02,60,40,14.97
458,Cayhagan,PH,2022-10-01 16:22:56,9.6697,122.4256,79.09,85,57,6.13
459,Bandrele,YT,2022-10-01 16:22:56,-12.9067,45.1914,76.75,65,0,3.44
460,Berlevag,NO,2022-10-01 16:22:57,70.8578,29.0864,40.95,87,100,9.22
461,Monrovia,LR,2022-10-01 16:21:28,6.3005,-10.7969,80.37,84,99,11.77
462,Mzimba,MW,2022-10-01 16:23:58,-11.9,33.6,68.31,44,0,6.15
463,Chicama,PE,2022-10-01 16:23:58,-7.8447,-79.1469,59.54,62,62,8.32
464,Te Anau,NZ,2022-10-01 16:23:59,-45.4167,167.7167,31.98,98,62,2.3
465,Provideniya,RU,2022-10-01 16:23:59,64.3833,-173.3,37.42,85,82,16.33
466,Herouville-Saint-Clair,FR,2022-10-01 16:24:00,49.2109,-0.3065,66.02,77,75,13.8
467,Pauini,BR,2022-10-01 16:24:00,-7.7136,-66.9764,98.02,31,11,4.09
468,Katakwi,UG,2022-10-01 16:24:01,1.8911,33.9661,66.87,88,84,7.54
469,Hami,CN,2022-10-01 16:24:02,42.8,93.45,48.52,18,100,17.98
470,Celestun,MX,2022-10-01 16:24:02,20.8667,-90.4,80.46,51,100,4.56
471,Yasothon,TH,2022-10-01 16:24:03,15.75,104.1333,76.24,95,100,5.97
472,Buin,CL,2022-10-01 16:24:04,-33.7333,-70.75,80.87,40,100,6.55
473,Roald,NO,2022-10-01 16:24:05,62.5833,6.1333,60.33,82,75,8.05
474,Ambovombe,MG,2022-10-01 16:24:05,-25.1667,46.0833,72.88,72,0,13.27
475,Plombieres,BE,2022-10-01 16:24:06,50.735,5.953,62.76,66,88,12.33
476,Nha Trang,VN,2022-10-01 16:23:54,12.25,109.1833,77.0,88,100,2.42
477,Zhangye,CN,2022-10-01 16:24:07,38.9342,100.4517,57.69,31,0,6.13
478,Tigre,AR,2022-10-01 16:24:08,-34.426,-58.5796,76.26,43,20,3.44
479,Gornopravdinsk,RU,2022-10-01 16:24:08,60.05,69.9,27.54,78,51,5.35
480,Vila Velha,BR,2022-10-01 16:24:09,-20.3297,-40.2925,78.75,73,75,9.22
481,Worland,US,2022-10-01 16:24:09,44.0169,-107.9554,53.67,84,100,4.61
482,Volzhskiy,RU,2022-10-01 16:24:10,48.7858,44.7797,65.71,50,31,4.56
483,Bon Accord,CA,2022-10-01 16:24:11,53.8335,-113.4187,55.44,69,2,6.42
484,Sfantu Gheorghe,RO,2022-10-01 16:23:33,45.8667,25.7833,69.93,60,100,6.26
485,Hambantota,LK,2022-10-01 16:16:04,6.1241,81.1185,79.75,80,100,17.02
486,Nikko,JP,2022-10-01 16:24:12,36.75,139.6167,58.32,72,1,5.08
487,Kaeo,NZ,2022-10-01 16:21:49,-35.1,173.7833,55.33,97,88,5.66
488,Inuvik,CA,2022-10-01 16:24:13,68.3499,-133.7218,32.76,93,75,9.22
489,Motygino,RU,2022-10-01 16:24:14,58.1831,94.7592,31.08,87,100,3.36
490,San Policarpo,PH,2022-10-01 16:24:15,12.1791,125.5072,80.67,83,97,6.11
491,Nishihara,JP,2022-10-01 16:24:15,26.1842,127.7558,79.88,79,0,4.61
492,Seoul,KR,2022-10-01 16:24:16,37.5683,126.9778,65.64,88,20,1.14
493,Itarema,BR,2022-10-01 16:24:16,-2.9248,-39.9167,87.75,52,27,19.8
494,Lorengau,PG,2022-10-01 16:24:17,-2.0226,147.2712,81.16,79,49,9.6
495,Nouakchott,MR,2022-10-01 16:23:51,18.0858,-15.9785,87.73,53,20,16.26
496,Zhigansk,RU,2022-10-01 16:24:18,66.7697,123.3711,25.66,84,100,1.86
497,Tashkent,UZ,2022-10-01 16:24:19,41.2646,69.2163,60.75,39,2,2.3
498,Salalah,OM,2022-10-01 16:24:19,17.0151,54.0924,80.69,83,40,6.91
499,Nome,US,2022-10-01 16:24:20,64.5011,-165.4064,30.27,80,0,5.75
500,Vila Do Maio,CV,2022-10-01 16:24:21,15.1333,-23.2167,86.79,78,100,11.5
501,Tecoanapa,MX,2022-10-01 16:24:21,16.5167,-98.75,82.69,73,71,4.34
502,Aitape,PG,2022-10-01 16:24:22,-3.1374,142.3475,77.92,87,72,4.97
503,Sicamous,CA,2022-10-01 16:24:22,50.8331,-118.9856,58.19,66,25,0.34
504,Varhaug,NO,2022-10-01 16:24:23,58.6147,5.6457,57.15,79,96,7.63
505,San Antonio,US,2022-10-01 16:21:22,29.4241,-98.4936,81.9,45,0,6.91
506,Tessalit,ML,2022-10-01 16:24:24,20.1986,1.0114,91.24,30,73,8.95
507,Siderno,IT,2022-10-01 16:24:25,38.2779,16.302,72.21,78,66,21.68
508,Hays,US,2022-10-01 16:25:25,30.0502,-98.0336,80.31,45,0,4.0
509,Atar,MR,2022-10-01 16:25:26,20.5169,-13.0499,89.53,20,0,6.02
510,Chifeng,CN,2022-10-01 16:25:26,42.2683,118.9636,59.2,88,100,5.17
511,Acarau,BR,2022-10-01 16:25:27,-2.8856,-40.12,88.68,52,29,20.45
512,Oksfjord,NO,2022-10-01 16:25:28,70.2396,22.3479,42.98,76,10,7.83
513,Doctor Arroyo,MX,2022-10-01 16:25:28,23.6667,-100.1833,66.24,44,2,1.52
514,Keti Bandar,PK,2022-10-01 16:25:29,24.1447,67.4497,82.09,70,11,13.51
515,Cayenne,GF,2022-10-01 16:25:30,4.9333,-52.3333,91.44,55,0,14.97
516,Coquimbo,CL,2022-10-01 16:25:31,-29.9533,-71.3436,55.13,94,100,9.22
517,Marsa Matruh,EG,2022-10-01 16:25:31,31.3525,27.2453,82.6,74,0,11.5
518,Aranos,NA,2022-10-01 16:25:32,-24.1333,19.1167,92.1,11,3,6.53
519,Mao,ES,2022-10-01 16:25:32,39.8885,4.2658,72.16,56,20,5.75
520,Stryn,NO,2022-10-01 16:25:33,61.9045,6.7226,59.88,83,100,6.71
521,Darhan,MN,2022-10-01 16:25:34,49.4867,105.9228,32.52,56,100,14.07
522,Washington,US,2022-10-01 16:25:35,47.5001,-120.5015,54.0,59,26,1.59
523,Uyuni,BO,2022-10-01 16:25:35,-20.4597,-66.825,58.41,29,40,13.51
524,Bilibino,RU,2022-10-01 16:25:36,68.0546,166.4372,28.8,93,100,1.23
525,Palana,RU,2022-10-01 16:25:36,59.1167,159.9667,36.25,90,100,7.16
526,Mariahu,IN,2022-10-01 16:25:37,25.6167,82.6167,78.76,60,5,2.01
527,Teyateyaneng,LS,2022-10-01 16:25:38,-29.1472,27.7489,72.46,8,7,9.04
528,Santa Isabel Do Rio Negro,BR,2022-10-01 16:25:39,-0.4139,-65.0192,93.25,46,100,2.95
529,Fare,PF,2022-10-01 16:25:39,-16.7,-151.0167,77.07,71,60,7.11
530,Felanitx,ES,2022-10-01 16:25:40,39.4696,3.1483,75.96,42,90,10.69
531,Deer Lake,CA,2022-10-01 16:25:41,49.1667,-57.4316,60.66,59,40,13.8
532,Martapura,ID,2022-10-01 16:25:41,-3.4167,114.85,77.09,94,75,2.3
533,Inhambane,MZ,2022-10-01 16:25:42,-23.865,35.3833,75.18,88,20,9.22
534,Juneau,US,2022-10-01 16:25:05,58.3019,-134.4197,53.6,97,100,4.61
535,Krasnoselkup,RU,2022-10-01 16:25:43,65.7,82.4667,28.62,80,98,9.6
536,Khor,RU,2022-10-01 16:25:43,47.8861,134.9464,43.99,91,6,4.65
537,Kuldur,RU,2022-10-01 16:25:45,49.2167,131.6333,37.27,73,43,2.59
538,Punta De Bombon,PE,2022-10-01 16:25:45,-17.1717,-71.7931,64.29,70,42,9.86
539,Santona,ES,2022-10-01 16:25:46,43.4439,-3.4576,72.7,69,9,5.73
540,Povenets,RU,2022-10-01 16:25:46,62.8487,34.8262,44.49,86,58,5.99
541,Nesna,NO,2022-10-01 16:25:47,66.1967,13.0213,52.66,73,65,17.65
542,Escarcega,MX,2022-10-01 16:25:47,18.6089,-90.7454,81.14,58,93,4.0
543,Hofn,IS,2022-10-01 16:21:44,64.2539,-15.2082,46.67,89,100,4.59
544,Verkhoyansk,RU,2022-10-01 16:25:48,67.5447,133.385,22.17,97,100,0.81
545,Mehran,IR,2022-10-01 16:25:49,33.1222,46.1646,91.35,12,0,11.25
546,Peterhead,GB,2022-10-01 16:25:49,57.5058,-1.7981,59.45,66,97,12.35
547,Badou,TG,2022-10-01 16:25:50,7.5833,0.6,73.29,93,99,3.02
548,Pasni,PK,2022-10-01 16:25:50,25.2631,63.471,79.83,81,0,15.26
549,Yuzhno-Kurilsk,RU,2022-10-01 16:25:51,44.0306,145.8556,60.39,93,14,10.0
550,Truckee,US,2022-10-01 16:25:51,39.328,-120.1833,59.5,54,0,3.0
551,Kailua,US,2022-10-01 16:26:52,21.4022,-157.7394,75.43,86,23,9.82
552,Groa,NO,2022-10-01 16:26:52,62.65,8.7167,52.07,80,100,6.08
553,Catuday,PH,2022-10-01 16:26:53,16.2923,119.8062,79.34,79,38,6.51
554,Sola,VU,2022-10-01 16:26:54,-13.8833,167.55,79.34,78,18,9.6
555,Dauphin,CA,2022-10-01 16:26:55,51.1494,-100.0502,50.14,76,40,4.61
556,Chapais,CA,2022-10-01 16:26:56,49.7834,-74.8492,40.78,64,100,8.61
557,Itacoatiara,BR,2022-10-01 16:26:58,-3.1431,-58.4442,98.47,34,98,5.01
558,Havelock,US,2022-10-01 16:26:59,34.8791,-76.9013,75.18,75,56,3.0
559,Manali,IN,2022-10-01 16:26:59,13.1667,80.2667,86.09,65,100,10.78
560,Abha,SA,2022-10-01 16:27:00,18.2164,42.5053,67.82,42,20,12.66
561,Lima,PE,2022-10-01 16:25:48,-12.0432,-77.0282,59.25,82,100,5.75
562,Yarada,IN,2022-10-01 16:27:02,17.65,83.2667,77.32,94,75,5.75
563,Milkovo,RU,2022-10-01 16:27:03,54.7167,158.6167,36.84,78,95,5.21
564,Dongsheng,CN,2022-10-01 16:27:04,39.8161,109.9776,60.6,83,76,12.88
565,Rancho Palos Verdes,US,2022-10-01 16:27:04,33.7445,-118.387,69.46,76,100,6.91
566,Miles City,US,2022-10-01 16:23:57,46.4083,-105.8406,52.77,93,100,12.66
567,Karratha,AU,2022-10-01 16:27:05,-20.7377,116.8463,73.0,76,0,14.7
568,Ayios Serafim,GR,2022-10-01 16:27:06,38.8,22.7,87.82,36,14,4.72
569,Lucapa,AO,2022-10-01 16:27:07,-8.4192,20.7447,81.12,42,52,5.48
